jokes,What do you call a boomerang that won’t come back?,A stick.,,
jokes,What does a cloud wear under his raincoat?,Thunderwear.,,
jokes,Two pickles fell out of a jar onto the floor. What did one say to the other?,Dill with it.,,
jokes,What time is it when the clock strikes 13?,Time to get a new clock.,,
jokes,How does a cucumber become a pickle?,It goes through a jarring experience.,,
jokes,What did one toilet say to the other?,You look a bit flushed.,,
jokes,What do you think of that new diner on the moon?,"Food was good, but there really wasn’t much atmosphere.",,
jokes,Why did the dinosaur cross the road?,Because the chicken wasn’t born yet.,,
jokes,Why can’t Elsa from Frozen have a balloon?,"Because she will “let it go, let it go.”",,
jokes,What musical instrument is found in the bathroom?,A tuba toothpaste.,,
jokes,Why did the kid bring a ladder to school?,Because she wanted to go to high school.,,
jokes,What do you call a dog magician?,A labracadabrador.,,
jokes,Where would you find an elephant?,The same place you lost her.,,
jokes,How do you get a squirrel to like you?,Act like a nut.,,
jokes,What do you call two birds in love?,Tweethearts,,
jokes,How does a scientist freshen her breath?,With experi-mints.,,
jokes,How are false teeth like stars?,They come out at night.,,
jokes,What building in your town has the most stories?,The public library.,,
jokes,What’s worse than finding a worm in your apple?,Finding half a worm.,,
jokes,What is a computer’s favorite snack?,Computer chips.,,
jokes,What did one volcano say to the other?,I lava you.,,
jokes,How do we know that the ocean is friendly?,It waves.,,
jokes,What is a tornado’s favorite game to play?,Twister.,,
jokes,How does the moon cut his hair?,Eclipse it.,,
jokes,How do you talk to a giant?,Use big words.,,
jokes,What animal is always at a baseball game?,A bat.,,
jokes,What falls in winter but never gets hurt?,Snow.,,
jokes,What did the Dalmatian say after lunch?,That hit the spot.,,
jokes,Why did the kid cross the playground?,To get to the other slide.,,
jokes,What do you call a droid that takes the long way around?,R2 detour.,,
jokes,Why did the cookie go to the hospital?,Because he felt crummy.,,
jokes,Why was the baby strawberry crying?,Because her mom and dad were in a jam.,,
jokes,What did the little corn say to the mama corn?,Where is pop corn?,,
jokes,How do you make a lemon drop?,Just let it fall.,,
jokes,What did the limestone say to the geologist?,Don’t take me for granite.,,
jokes,Why does a seagull fly over the sea?,"Because if it flew over the bay, it would be a baygull.",,
jokes,What kind of water can’t freeze?,Hot water.,,
jokes,What kind of tree fits in your hand?,A palm tree.,,
jokes,What do you call a dinosaur that is sleeping?,A dino-snore.,,
jokes,"What is fast, loud and crunchy?",A rocket chip.,,
jokes,Why did the teddy bear say no to dessert?,Because she was stuffed.,,
jokes,What has ears but cannot hear?,A cornfield.,,
jokes,What did the left eye say to the right eye?,"Between us, something smells.",,
jokes,What did one plate say to the other plate?,Dinner is on me.,,
jokes,Why did the student eat his homework?,Because the teacher told him it was a piece of cake.,,
jokes,"When you look for something, why is it always in the last place you look?","Because when you find it, you stop looking.",,
jokes,"What is brown, hairy and wears sunglasses?",A coconut on vacation.,,
jokes,What do you say to a rabbit on its birthday?,Hoppy Birthday.,,
jokes,"What’s the one thing will you get every year on your birthday, guaranteed?",A year older.,,
jokes,Why do candles always go on the top of cakes?,Because it’s hard to light them from the bottom.,,
jokes,What do cakes and baseball teams have in common?,They both need a good batter.,,
jokes,What goes up but never comes down?,Your age.,,
jokes,What does every birthday end with?,The letter Y.,,
jokes,What did the tiger say to her cub on his birthday?,It’s roar birthday.,,
jokes,Why did the girl put her cake in the freezer?,She wanted to ice it.,,
jokes,Does a green candle burn longer than a pink one?,"No, they both burn shorter.",,
jokes,Why did the little girl hit her birthday cake with a hammer?,It was a pound cake.,,
jokes,Yo Mama so small her best friend is an ant.,,,
jokes,Yo Mama so old God signed her yearbook.,,,
jokes,"Yo Mama so short she has to hold a sign up that says, “Don’t spit, I can’t swim.”",,,
jokes,Yo Mama so small she has to slam-dunk her bus fare.,,,
jokes,Yo Mama so old she rode dinosaurs to school.,,,
jokes,Yo Mama so old her memory is in black and white.,,,
jokes,Why didn’t the quarter roll down the hill with the nickel?,Because it had more cents.,,
jokes,Why is the obtuse triangle always so frustrated?,Because it’s never right.,,
jokes,Why is six afraid of seven?,Because seven eight nine.,,
jokes,Why was the equal sign so humble?,Because he wasn’t greater than or less than anyone else.,,
jokes,What do you call guys who love math?,Algebros.,,
jokes,How do you stay warm in any room?,Go to the corner—it’s always 90 degrees.,,
jokes,Why was the fraction nervous about marrying the decimal?,Because he would have to convert.,,
jokes,Are monsters good at math?,Not unless you count Dracula.,,
jokes,Why was the math book sad?,Because it had too many problems.,,
jokes,Why does nobody talk to circles?,Because there’s no point.,,
jokes,Why couldn’t the pony sing a lullaby?,She was a little horse.,,
jokes,What was the first animal in space?,The cow that jumped over the moon.,,
jokes,Why don’t elephants chew gum?,"They do, just not in public.",,
jokes,What did the banana say to the dog?,Bananas can’t talk.,,
jokes,How do you make an octopus laugh?,With ten-tickles.,,
jokes,What do you call a sleeping bull?,A bull-dozer.,,
jokes,How do you fit more pigs on a farm?,Build a sty-scraper.,,
jokes,What did the farmer call the cow that had no milk?,An udder failure.,,
jokes,What do you call a cow that won’t give milk?,A milk dud.,,
jokes,Why do fish live in salt water?,Because pepper makes them sneeze.,,
jokes,What do you get from a pampered cow?,Spoiled milk.,,
jokes,Where do polar bears vote?,The North Poll,,
jokes,What sound do porcupines make when they kiss?,Ouch!,,
jokes,Why did the snake cross the road?,To get to the other ssside.,,
jokes,Why are fish so smart?,Because they live in schools.,,
jokes,What did the ocean say to the pirate?,"Nothing, it just waved.",,
jokes,Why don’t pirates shower before they walk the plank?,Because they’ll just wash up on shore later.,,
jokes,What happened when Bluebeard fell overboard in the Red Sea?,He got marooned.,,
jokes,How did the pirate get his flag so cheaply?,He bought it on sail.,,
jokes,"What has 8 legs, 8 arms, and 8 eyes?",8 pirates.,,
jokes,How much does it cost a pirate to get his ears pierced?,About a buck an ear.,,
jokes,Why is pirating so addictive?,"They say once ye lose yer first hand, ye get hooked.",,
jokes,How do pirates know that they are pirates?,"They think, therefore they arrr.",,
jokes,What is a cat’s favorite color?,Purrr-ple.,,
jokes,What song does a cat like best?,Three Blind Mice.,,
jokes,Where did the school kittens go for their field trip?,To the mew-seum.,,
jokes,What kind of kitten works for the Red Cross?,A first-aid kit.,,
jokes,Why are cats good at video games?,Because they have nine lives.,,
jokes,What did the cat say when he fell off the table?,“Me-ow.”,,
jokes,What is the difference between a cat that got photocopied and a cat that follows you?,One is a cat copy; the other is a copy cat.,,
jokes,What do you get when you cross a ball and a cat?,A fur ball.,,
jokes,What’s a cat’s favorite magazine?,A cat-alogue.,,
jokes,What cat likes living in water?,An octo-puss.,,
jokes,Why didn’t the skeleton go to school?,His heart wasn’t in it.,,
jokes,How does a vampire start a letter?,Tomb it may concern…,,
jokes,What is a monster’s favorite dessert?,I scream.,,
jokes,What monster plays tricks on Halloween?,Prank-enstein.,,
jokes,What kind of music do mummies love?,Wrap music.,,
jokes,What fruit do scarecrows love the most?,Straw-berries.,,
jokes,What does a witch use to do her hair?,Scarespray.,,
jokes,What room does a ghost not need?,A living room.,,
jokes,What kind of dog does Dracula have?,A blood hound.,,
jokes,What is a ghost’s nose full of?,Boo-gers.,,
jokes,What do birds say on Halloween?,Trick or tweet.,,
jokes,Are black cats bad luck?,"Sure, if you’re a mouse.",,
jokes,How do you fix a cracked pumpkin?,A pumpkin patch.,,
jokes,When is it bad luck to be followed by a black cat?,When you’re a mouse.,,
jokes,What do you call two witches living together?,Broommates.,,
jokes,What happens when a vampire goes in the snow?,Frost bite.,,
jokes,Why did the zombie skip school?,He was feeling rotten.,,
jokes,What is a vampire’s favorite fruit?,A blood orange.,,
jokes,What instrument does a skeleton play?,The trom-bone.,,
jokes,Where do baby ghosts go during the day?,Day-scare centers.,,
jokes,Why didn’t the skeleton go to the dance?,Because he had no body to go with.,,
jokes,What candy do you eat on the playground?,Recess pieces.,,
jokes,How do ghosts wash their hair?,With sham-boo.,,
jokes,What’s a witch’s favorite subject in school?,Spelling.,,
jokes,"What’s big, scary and has three wheels?",A monster on a tricycle.,,
jokes,Why don’t vampires have more friends?,Because they are a pain in the neck.,,
jokes,What position does a ghost play in hockey?,Ghoulie,,
jokes,What do you call a witch who goes to the beach?,A sand-witch.,,
jokes,What do you give a vampire when he’s sick?,Coffin drops.,,
jokes,What kinds of pants do ghosts wear?,Boo-jeans.,,
dad,"""I used to be addicted to soap, but I'm clean now.""",,,
dad,"""A guy walks into a bar...and he was disqualified from the limbo contest.""",,,
dad,"""You think swimming with sharks is expensive? Swimming with sharks cost me an arm and a leg.""",,,
dad,"""When two vegans get in an argument, is it still called a beef?""",,,
dad,"""I ordered a chicken and an egg from Amazon. I'll let you know...""",,,
dad,"""Do you wanna box for your leftovers?"" ""No, but I'll wrestle you for them.""",,,
dad,"""That car looks nice but the muffler seems exhausted.""",,,
dad,"""Shout out to my fingers. I can count on all of them.""",,,
dad,I'm afraid for the calendar. Its days are numbered.,,,
dad,My wife said I should do lunges to stay in shape. That would be a big step forward.,,,
dad,Why do fathers take an extra pair of socks when they go golfing?,In case they get a hole in one!,,
dad,Singing in the shower is fun until you get soap in your mouth. Then it's a soap opera.,,,
dad,What do a tick and the Eiffel Tower have in common?,They're both Paris sites.,,
dad,What do you call a fish wearing a bowtie?,Sofishticated.,,
dad,How do you follow Will Smith in the snow?,You follow the fresh prints.,,
dad,"If April showers bring May flowers, what do May flowers bring?",Pilgrims.,,
dad,I thought the dryer was shrinking my clothes. Turns out it was the refrigerator all along.,,,
dad,What do you call a factory that makes okay products?,A satisfactory.,,
dad,"Dear Math, grow up and solve your own problems.",,,
dad,What did the janitor say when he jumped out of the closet?,Supplies!,,
dad,Have you heard about the chocolate record player?,It sounds pretty sweet.,,
dad,What did the ocean say to the beach?,"Nothing, it just waved.",,
dad,Why do seagulls fly over the ocean?,"Because if they flew over the bay, we'd call them bagels.",,
dad,I only know 25 letters of the alphabet. I don't know y.,,,
dad,How does the moon cut his hair?,Eclipse it.,,
dad,What did one wall say to the other?,I'll meet you at the corner.,,
dad,What did the zero say to the eight?,That belt looks good on you.,,
dad,"A skeleton walks into a bar and says, 'Hey, bartender. I'll have one beer and a mop.'",,,
dad,Where do fruits go on vacation?,Pear-is!,,
dad,I asked my dog what's two minus two. He said nothing.,,,
dad,What did Baby Corn say to Mama Corn?,Where's Pop Corn?,,
dad,What's the best thing about Switzerland?,"I don't know, but the flag is a big plus.",,
dad,What does a sprinter eat before a race?,"Nothing, they fast!",,
dad,Where do you learn to make a banana split?,Sundae school.,,
dad,What has more letters than the alphabet?,The post office!,,
dad,"Dad, did you get a haircut?","No, I got them all cut!",,
dad,What do you call a poor Santa Claus?,St. Nickel-less.,,
dad,"I got carded at a liquor store, and my Blockbuster card accidentally fell out. The cashier said never mind.",,,
dad,Where do boats go when they're sick?,To the boat doc.,,
dad,I don't trust those trees. They seem kind of shady.,,,
dad,My wife is really mad at the fact that I have no sense of direction. So I packed up my stuff and right!,,,
dad,How do you get a squirrel to like you?,Act like a nut.,,
dad,Why don't eggs tell jokes?,They'd crack each other up.,,
dad,I don't trust stairs. They're always up to something.,,,
dad,What do you call someone with no body and no nose?,Nobody knows.,,
dad,Did you hear the rumor about butter?,"Well, I'm not going to spread it!",,
dad,Why couldn't the bicycle stand up by itself?,It was two tired.,,
dad,What did one hat say to the other?,Stay here! I'm going on ahead.,,
dad,Why did Billy get fired from the banana factory?,He kept throwing away the bent ones.,,
dad,"Dad, can you put my shoes on?","No, I don't think they'll fit me.",,
dad,Why can't a nose be 12 inches long?,Because then it would be a foot.,,
dad,What does a lemon say when it answers the phone?,Yellow!,,
dad,This graveyard looks overcrowded. People must be dying to get in.,,,
dad,What kind of car does an egg drive?,A yolkswagen.,,
dad,"Dad, can you put the cat out?",I didn't know it was on fire.,,
dad,How do you make 7 even?,Take away the s.,,
dad,How does a taco say grace?,Lettuce pray.,,
dad,What time did the man go to the dentist?,Tooth hurt-y.,,
dad,Why didn't the skeleton climb the mountain?,It didn't have the guts.,,
dad,What do you call it when a snowman throws a tantrum?,A meltdown.,,
dad,How many tickles does it take to make an octopus laugh?,Ten tickles.,,
dad,"I have a joke about chemistry, but I don't think it will get a reaction.",,,
dad,What concert costs just 45 cents?,50 Cent featuring Nickelback!,,
dad,What does a bee use to brush its hair?,A honeycomb!,,
dad,How do you make a tissue dance?,You put a little boogie in it.,,
dad,Why did the math book look so sad?,Because of all of its problems!,,
dad,What do you call cheese that isn't yours?,Nacho cheese.,,
dad,My dad told me a joke about boxing. I guess I missed the punch line.,,,
dad,What kind of shoes do ninjas wear?,Sneakers!,,
dad,How does a penguin build its house?,Igloos it together.,,
dad,How did Harry Potter get down the hill?,Walking. JK! Rowling.,,
uncle,"Knock knock""","""Who's there?""","""I eat mop.""","""I eat mop who?"""
uncle,Spell I Cup,,,
uncle,Why do hippos wear red nail polish?,"I don't know, why?",To hide in cherry trees.,…
uncle,Say “Ice Bank Mice Elf” ten times fast,,,
uncle,Spell “pig” backwards and then say “pretty colors.”,,,
uncle,"Man, it smells like updog in here.",What's updog?,"Not much, what's up with you?",
uncle,What you got under there?,Underwear?,You said underwar!!!,
uncle,"""You want a Hertz donut?""","""Yeah.""","[Punch them in the arm.]""Hurts, don't it!""",
uncle,I need to get a henway,What's a henway?,"Oh, usually 3 or 4 pounds",
dad,Why would doors do well on social media?,Everyone looks for their handles.,,
dad,Which bathroom appliance would be the worst life preserver?,The sink.,,
dad,Why was the dad sitting on a pack of playing cards?,His kid asked him to sit on the deck.,,
dad,What kind of bird is always getting hurt?,The owl.,,
dad,"What’s either a really gross animal issue OR an impressive, magical school?",Hogwarts.,,
dad,What did the dishwasher say to the oven after a productive day?,“You’ve been on fire!”,,
dad,Why did the cashier rip money in half?,They were asked to break a bill.,,
dad,What did one furniture maker say to another during a tense discussion?,“Let’s table this.”,,
dad,Why was the ghost so tired?,He worked the graveyard shift.,,
dad,Why do pancakes always win at baseball?,They have the best batter.,,
dad,Why couldn’t the couple get married at the library?,It was all booked up.,,
dad,How did the dad prank his daughter using fake dog poop on April Fools Day?,He told her to look out for her new sham-poo in the shower.,,
dad,What did the air conditioner say when it met a celebrity?,“I’m a big fan.”,,
dad,What was Sherlock Holmes’ favorite protein source?,Mystery meat.,,
dad,What did the dryer say to the boring duvet cover that just got out of the washer?,“Don’t be such a wet blanket.”,,
dad,Why was the cow such a heartthrob on the farm?,He was a s-moo-th talker.,,
dad,What’s a writer’s favorite train station?,Penn Station.,,
dad,"What was said about the messy, angry man who was eating a can of Pringles?",“He’s got a chip on his shoulder.”,,
dad,What’s it called when kittens get stuck in a tree?,A cat-astrophe.,,
dad,What kind of shape may have been knighted?,Cir-cles.,,
dad,Why is sand so optimistic?,It has a can-dune attitude.,,
dad,What part of the museum makes everyone sneeze?,The sta-tues.,,
dad,What did the baker say when she won an award?,“It was a piece of cake.”,,
dad,Why couldn’t the couple respond right away when looking at wedding venues?,They were engaged.,,
dad,What is Marco’s favorite clothing store?,Polo.,,
dad,What do you call it when a lawyer takes a test early in the morning?,A breakfast bar.,,
dad,What do frogs use to track their exercise?,Fit (rib)bits.,,
dad,What kind of cleaning product feels a lot of motivation in life?,All-purpose.,,
dad,Where was the dripping coming from in the fridge?,The leeks.,,
dad,Why was the hockey player gifted a new cap?,He was known for his hat tricks.,,
dad,What vegetable is kind to everyone?,The sweet potato.,,
dad,How was the handsome runner described?,“Dashing.”,,
dad,What animals are the best to call if you get locked out of your house?,Monkeys.,,
dad,What did the geometry teacher say when the class had trouble solving a problem?,“Let’s try a different angle.”,,
dad,Why don’t phones ever go hungry?,They have plenty of apps to choose from.,,
dad,Why couldn’t the family leave the room after playing with Legos?,They were blocked.,,
dad,What makes a basketball court trendy and accessorized?,The hoops.,,
dad,What did the sapphire’s best friend tell her?,“You’re a real gem.”,,
dad,What’s Forrest Gump’s password?,1forrest1,,
dad,"I tell dad jokes, but I don’t have any kids. I’m a faux pa.",,,
dad,What does a nosey pepper do?,It gets jalapeño business.,,
dad,"If a child refuses to nap, are they guilty of resisting a rest?",,,
dad,Why do dads feel the need to tell such bad jokes?,They just want to help you become a groan up.,,
dad,"I know a lot of jokes about retired people, but none of them work.",,,
dad,Why are spiders so smart?,They can find everything on the web.,,
dad,RIP boiled water—you will be mist.,,,
dad,What do you call two octopuses that look the same?,Itenticle.,,
dad,"What has one head, one foot, and four legs?",A bed.,,
dad,Sore throats are a pain in the neck.,,,
dad,What does a house wear?,Address.,,
dad,Why did the scarecrow win an award?,He was out standing in his field.,,
dad,What’s red and smells like blue paint?,Red paint.,,
dad,"My son asked me to put his shoes on, but I don’t think they’ll fit me.",,,
dad,"I’ve been bored recently, so I decided to take up fencing. The neighbors keep demanding that I put it back.",,,
dad,What do you call an unpredictable camera?,A loose Canon.,,
dad,"I didn’t get a haircut, I got them all cut.",,,
dad,Which U.S. state is known for its especially small soft drinks?,Minnesota.,,
dad,What do sprinters eat before a race?,Nothing—they fast.,,
dad,What did one Dorito farmer say to the other?,“Cool Ranch!”,,
dad,Why couldn’t the bicycle stand up by itself?,It was two-tired.,,
dad,"I’m so good at sleeping, I can do it with my eyes closed.",,,
dad,People are usually shocked that I have a Police record. But I love their greatest hits!,,,
dad,I told my girlfriend she drew on her eyebrows too high. She seemed surprised.,,,
dad,What do you call a fibbing cat?,A lion.,,
dad,Why shouldn’t you write with a broken pencil?,Because it’s pointless.,,
dad,I like telling Dad jokes…sometimes he laughs.,,,
dad,How do you weigh a millennial?,In Instagrams.,,
dad,"The wedding was so beautiful, even the cake was in tiers.",,,
dad,What’s the most patriotic sport?,Flag football.,,
dad,Why were spectators confused by the koala’s self-portrait?,It was bear.,,
dad,Why did the envelope take so long to get ready?,It had to get addressed.,,
dad,What does a karate master get rewarded with while driving?,A seat belt.,,
dad,What did the husband say to his wife right after getting LASIK surgery?,“Aren’t you a sight for sore eyes?”,,
dad,What do lions use to look at their manes?,Mirroars.,,
dad,What did the dad say when his golden retriever was caught eating a hot dog?,“It’s a dog eat dog world out there.”,,
dad,Do mascara and lipstick ever argue?,"Sure, but then they makeup.",,
dad,What piece on the playground is always exhausted?,The tire swing.,,
dad,Why did two tall people get along so well?,The could really see eye to eye.,,
dad,Why was the gossip disliked at the coffee shop?,She always spilled the tea.,,
dad,What does a writer have in common with a football player?,Anxiety over a rough draft.,,
dad,Where do wasps like to get lunch?,A bee-stro.,,
dad,"I was going to tell a time-traveling joke, but you guys didn’t like it.",,,
dad,Shouldn’t the “roof” of your mouth actually be called the ceiling?,,,
dad,Stop looking for the perfect match…use a lighter.,,,
dad,"I told my doctor I heard buzzing, but he said it’s just a bug going around.",,,
dad,Dad Joke Dad Joke,,,
dad,What kind of car does a sheep like to drive?,A lamborghini.,,
dad,What did the accountant say while auditing a document?,This is taxing.,,
dad,What did the two pieces of bread say on their wedding day?,It was loaf at first sight.,,
dad,"If the early bird gets the worm, I’ll sleep in until there’s pancakes.",,,
dad,Dad Joke Dad Joke,,,
dad,Why do melons have weddings?,Because they cantaloupe.,,
dad,"I signed up for a marathon, but how will I know if it’s the real deal or just a run through?",,,
dad,"When you have a bladder infection, urine trouble.",,,
dad,What did the drummer call his twin daughters?,"Anna One, Anna Two!",,
dad,What did the juicer say to the orange during self-quarantine?,Can’t wait to squeeze you!,,
dad,What do you call a toothless bear?,A gummy bear!,,
dad,Want to hear a joke about construction?,I’m still working on it.,,
dad,"Someone told me that I should write a book. I said, “That’s a novel concept.”",,,
dad,"Two goldfish are in a tank. One says to the other, “Do you know how to drive this thing?",,,
dad,Singing in the shower is fun until you get soap in your mouth. Then it becomes a soap opera.,,,
dad,Why were the utensils stuck together?,They were spooning.,,
dad,Dad Joke Dad Joke,,,
dad,What’s a crafty dancer’s favorite hobby?,Cutting a rug.,,
dad,How does a penguin build his house?,Igloos it together.,,
dad,What kind of music do chiropractors like?,Hip pop.,,
dad,What kind of shoes does a lazy person wear?,Loafers.,,
dad,Why is cold water so insecure?,Because it’s never called hot.,,
dad,Why is Peter Pan always flying?,Because he Neverlands.,,
dad,Which state has the most streets?,Rhode Island.,,
dad,What do you call 26 letters that went for a swim?,Alphawetical.,,
dad,"What’s the name of a very polite, European body of water?",Merci.,,
dad,Why was the color green notoriously single?,It was always so jaded.,,
dad,"I used to hate facial hair, but then it grew on me.",,,
dad,"I want to make a brief joke, but it’s a little cheesy.",,,
dad,Why did the coach go to the bank?,To get his quarterback.,,
dad,How do celebrities stay cool?,They have many fans.,,
dad,Which bear is the most condescending?,A pan-duh!,,
dad,What kind of noise does a witch’s vehicle make?,"Brrrroooom, brrroooom.",,
dad,What’s brown and sticky?,A stick.,,
dad,Two guys walked into a bar. The third guy ducked.,,,
dad,How do you get a country girl’s attention?,A tractor.,,
dad,Why are elevator jokes so classic and good?,They work on many levels.,,
dad,What do you call a pudgy psychic?,A four-chin teller.,,
dad,What did the police officer say to his belly-button?,You’re under a vest.,,
dad,What do you call it when a group of apes starts a company?,Monkey business.,,
dad,My wife asked me to stop singing “Wonderwall” to her. I said maybe…,,,
dad,What kind of drink can be bitter and sweet?,Reali-tea.,,
dad,What do you call a naughty lamb dressed up like a skeleton for Halloween?,Baaad to the bone.,,
dad,Want to know why nurses like red crayons?,Sometimes they have to draw blood.,,
dad,What would the Terminator be called in his retirement?,The Exterminator.,,
dad,What did Tennessee?,The same thing as Arkansas.,,
dad,My wife asked me to go get 6 cans of Sprite from the grocery store. I realized when I got home that I had picked 7 up.,,,
dad,Why do bees have sticky hair?,Because they use a honeycomb.,,
dad,Why do some couples go to the gym?,Because they want their relationship to work out.,,
dad,What do you call an angry musician flipping someone off?,A song bird.,,
dad,What’s the most detail-oriented ocean?,The Pacific.,,
dad,Don't trust atoms. They make up everything!,,,
dad,When does a joke become a dad joke?,When it becomes apparent.,,
dad,I wouldn't buy anything with velcro. It's a total rip-off.,,,
dad,What’s an astronaut’s favorite part of a computer?,The space bar.,,
dad,I don't play soccer because I enjoy the sport. I'm just doing it for kicks!,,,
dad,Why are elevator jokes so classic and good?,They work on many levels.,,
dad,Why do bees have sticky hair?,Because they use a honeycomb.,,
dad,What do you call a fake noodle?,An impasta.,,
dad,Which state has the most streets?,Rhode Island.,,
dad,What did the coffee report to the police?,A mugging.,,
dad,What did the fish say when he hit the wall?,Dam.,,
dad,Is this pool safe for diving?,It deep ends.,,
dad,"If you see a crime happen at the Apple store, what does it make you?",An iWitness.,,
dad,What do clouds wear?,Thunderwear.,,
dad,Why are piggy banks so wise?,They're filled with common cents.,,
dad,Why is Peter Pan always flying?,He neverlands.,,
dad,How do you get a good price on a sled?,You have toboggan.,,
dad,How can you tell if a tree is a dogwood tree?,By its bark.,,
dad,"I used to hate facial hair, but then it grew on me.",,,
dad,It's inappropriate to make a 'dad joke' if you're not a dad. It's a faux pa.,,,
dad,What do you call a hot dog on wheels?,Fast food!,,
dad,Where do young trees go to learn?,Elementree school.,,
dad,Did you hear about the circus fire?,It was in tents.,,
dad,Can February March?,"No, but April May!",,
dad,How do lawyers say goodbye?,We'll be suing ya!,,
dad,Wanna hear a joke about paper?,Never mind—it's tearable.,,
dad,What's the best way to watch a fly fishing tournament?,Live stream.,,
dad,Spring is here! I got so excited I wet my plants.,,,
dad,"I could tell a joke about pizza, but it's a little cheesy.",,,
dad,What do you call a fake noodle?,An impasta.,,
dad,"I was going to tell a time-traveling joke, but you guys didn't like it.",,,
dad,What do you call a belt made of watches?,A waist of time.,,
dad,What happens when a strawberry gets run over crossing the street?,Traffic jam.,,
dad,What do you call two monkeys that share an Amazon account?,Prime mates.,,
dad,What do you call a pony with a sore throat?,A little hoarse.,,
dad,Where do math teachers go on vacation?,Times Square.,,
dad,"Whenever I try to eat healthy, a chocolate bar looks at me and Snickers.",,,
dad,What does garlic do when it gets hot?,It takes its cloves off.,,
dad,What's a robot's favorite snack?,Computer chips.,,
dad,How much does it cost Santa to park his sleigh?,"Nothing, it's on the house.",,
dad,Mountains aren't just funny. They're hill areas.,,,
dad,"I've got a great joke about construction, but I'm still working on it.",,,
dad,I used to hate facial hair...but then it grew on me.,,,
dad,I decided to sell my vacuum cleaner—it was just gathering dust!,,,
dad,I had a neck brace fitted years ago and I've never looked back since.,,,
dad,"You know, people say they pick their nose, but I feel like I was just born with mine.",,,
dad,What's brown and sticky?,A stick.,,
dad,Why can't you hear a psychiatrist using the bathroom?,Because the 'P' is silent.,,
dad,What do you call an elephant that doesn't matter?,An irrelephant.,,
dad,What do you get from a pampered cow?,Spoiled milk.,,
dad,I like telling Dad jokes. Sometimes he laughs!,,,
dad,What's the best smelling insect?,A deodor-ant.,,
dad,I used to be a personal trainer. Then I gave my too weak notice.,,,
dad,Did I tell you the time I fell in love during a backflip?,I was heels over head!,,
dad,"If a child refuses to sleep during nap time, are they guilty of resisting a rest?",,,
dad,I ordered a chicken and an egg online. I’ll let you know.,,,
dad,It takes guts to be an organ donor.,,,
dad,"If you see a crime at an Apple Store, does that make you an iWitness?",,,
dad,"I'm so good at sleeping, I can do it with my eyes closed!",,,
dad,"If a child refuses to nap, are they guilty of resisting a rest?",,,
dad,What country's capital is growing the fastest?,Ireland. Every day it's Dublin.,,
dad,I once had a dream I was floating in an ocean of orange soda. It was more of a fanta sea.,,,
dad,Did you know corduroy pillows are in style?,They're making headlines.,,
dad,Did you hear about the kidnapping at school?,"It's okay, he woke up.",,
dad,"A cheeseburger walks into a bar. The bartender says, 'Sorry, we don't serve food here.'",,,
dad,I once got fired from a canned juice company. Apparently I couldn't concentrate.,,,
dad,I used to play piano by ear. Now I use my hands.,,,
dad,Have you ever tried to catch a fog?,I tried yesterday but I mist.,,
dad,I'm on a seafood diet. I see food and I eat it.,,,
dad,Why did the scarecrow win an award?,Because he was outstanding in his field.,,
dad,I made a pencil with two erasers. It was pointless.,,,
dad,How do you make a Kleenex dance?,Put a little boogie in it!,,
dad,I'm reading a book about anti-gravity. It's impossible to put down!,,,
dad,Did you hear about the guy who invented the knock-knock joke?,He won the 'no-bell' prize.,,
riddle,What has to be broken before you can use it?,An egg.,,
riddle,"What begins with T, finishes with T, and has T in it?",A teapot.,,
riddle,You bought me for dinner but never eat me. What am I?,Cutlery.,,
riddle,"If you took two apples from a pile of three apples, how many apples would you have?",The one apple you took.,,
riddle,What kind of vegetables are the most fun at parties?,Fungi.,,
riddle,What is the richest nut?,A cash-ew.,,
riddle,Why did the fruit salad skip its own wedding?,It had a lot of can’t-elope.,,
riddle,What kind of beer won’t get you drunk?,Root beer.,,
riddle,What kind of poultry is always going to the bathroom?,Chick peas.,,
riddle,Why did the citrus tree go to the hospital?,Lemon-aid.,,
riddle,"You cut me, slice me, dice me, and all the while, you cry. What am I?",An onion.,,
riddle,What kind of apples do computers prefer?,Macintosh.,,
riddle,What has many ears but cannot hear?,Corn.,,
riddle,What did the Mom tomato say to the dawdling Baby tomato?,“Ketchup.”,,
riddle,"I’m a bird, a person, and a fruit. What am I?",A Kiwi.,,
riddle,What do you call a cat who loves to swim?,A catfish.,,
riddle,"How many eggs would a rooster lay over three weeks, provided it is adequately fed and housed?",Zero. Roosters do not lay eggs.,,
riddle,I’m red or green and grow on a vine. I’m dried to make raisins and squeezed to make wine. What am I?,Grapes.,,
riddle,"When I’m ripe, I’m green, when you eat me, I’m red, and when you spit me out, I’m black. What am I?",A watermelon.,,
riddle,I’m the father of fruits. What am I?,A papa-ya.,,
riddle,"If two’s company, and three’s a crowd, what are four and five?",Nine!,,
riddle,"After a train crashed, every single person died. Who survived?",All of the couples.,,
riddle,"Four legs up, four legs down, soft in the middle, hard all around. What am I?",A bed.,,
riddle,"A word I know, six letters it contains, remove one letter and 12 remains, what is it?",Dozens.,,
riddle,"The more you take, the more you leave behind. What am I?",Footsteps.,,
riddle,What goes up but never comes back down?,Your age.,,
riddle,"When things go wrong, what can you always count on?",Your fingers.,,
riddle,How many letters are there in the English alphabet?,"18. Three in “the,” seven in “English,” and eight in “alpha",,
riddle,I am an odd number. Take away a letter and I become even. What number am I?,Seven.,,
riddle,"What has a head, a tail, is brown, and has no legs?",A penny.,,
riddle,"What happens once in a lifetime, twice in a moment, but never in one hundred years?",The letter “M.”,,
riddle,How many months in the year have 28 days?,All months in the year have at least 28 days.,,
riddle,"Using only addition and eight eights, how do you get 1,000?",888+88+8+8+8,,
riddle,"If I add six to 11, I get five. How?","11 a.m., six hours later, is 5 p.m.",,
riddle,A phone and case cost $110 total. The phone costs $100 more than the case. How much is the phone?,$105.,,
riddle,What can you catch but not throw?,A cold.,,
riddle,"A boy and his father get into a car accident. When they arrive at the hospital, the doctor sees the boy and exclaims, “that’s my son!” How can this be?",The doctor is the boy’s mother.,,
riddle,"Light as a feather, there’s nothing in it, but the strongest man can’t hold it much more than a minute.",Breath.,,
riddle,What has hands but doesn’t clap?,A clock.,,
riddle,I have legs but cannot walk. What am I?,A chair.,,
riddle,I can fill up a room without taking any space. What am I?,Light.,,
riddle,What becomes wetter the more it dries?,A towel.,,
riddle,What can’t talk but will reply when spoken to?,An echo.,,
riddle,"The more of this there is, the less you see. What am I?",Darkness.,,
riddle,What has a neck but no head and arms but no hands?,A shirt.,,
riddle,What did the fox scientist name his laboratory?,Den-sity.,,
riddle,I’m excellent to taste but horrible to smell. What am I?,Tongue.,,
riddle,I can be good for you; I can be bad. You can find me all over your body. What am I?,Bacteria.,,
riddle,What are the three Rs that keep our planet clean?,"Reuse, recycle, reduce.",,
riddle,I am a gas that helps plants but cannot be bought at the gas station. What am I?,Carbon dioxide.,,
riddle,"I can rush, I can be hot, I can be cold, I can be hard, I can slip through anything. What am I?",Water.,,
riddle,What period of time weighs the least?,A light-year.,,
riddle,"You cannot see me, I cannot be touched, you cannot feel me, but I can cook your lunch. What am I?",A microwave particle.,,
riddle,"I am a tunnel, a shortcut that connects places across space and time. What am I?",A wormhole.,,
riddle,I have been around for millions of years but am only a month old. What am I?,The moon.,,
riddle,What is a priest’s favorite part about physics?,Mass.,,
riddle,I am a rock bigger than Venus but smaller than Uranus. What am I?,Earth.,,
riddle,"If a brother, his sister, and their dog weren’t under an umbrella, why didn’t they get wet?",It wasn’t raining.,,
riddle,"I am so simple that I can only point, yet I guide men all over the world.",A compass.,,
riddle,What five-letter word becomes shorter when you add two letters to it?,Shorter. (Short + ‘er’),,
riddle,What travels around the world but stays in one spot?,A stamp.,,
riddle,"Mary has four daughters, and each of her daughters has a brother — how many children does Mary have?","Five, each daughter has the same brother.",,
riddle,"David’s parents have three sons: Snap, Crackle, and…?",David!,,
riddle,"What belongs to you, but other people use it more?",Your name.,,
riddle,"Two fathers and two sons sit down for breakfast. They eat exactly three eggs, and yet each person ate an egg. How?","One father is a grandfather, and therefore only eats one egg.",,
riddle,"A doctor and a boy are together. The boy is the doctor’s son, but the doctor is not the boy’s father. How?",The doctor is the boy’s mother.,,
riddle,Three doctors said that Bill was their brother. Bill says he has no brothers. How many brothers does Bill actually have?,None. He has three sisters.,,
riddle,What has four eyes but can’t see?,Mississippi.,,
riddle,"Where can you find cities, towns, shops, and streets but no people?",A map.,,
riddle,What room do ghosts avoid?,The living room.,,
riddle,What is the capital in France?,The letter F is the only capital lette,,
riddle,What always comes into a house through the keyhole?,A key.,,
riddle,"Come up and we go, drop and we stay. What am I?",An anchor.,,
riddle,I go up and down stairs without moving. What am I?,Carpet.,,
riddle,"Mississippi, Rhine, Amazon, Colorado, Nile, and Rio Grande. What are all of these?",Rivers.,,
riddle,What goes through towns and over mountains but never moves?,A road.,,
riddle,What is the laziest mountain in the world?,Mt. Ever-rest.,,
riddle,Mr. Blue lives in the blue house. Mrs. Yellow lives in the yellow house. Mr. Orange lives in the orange house. Who lives in the White House?,The president.,,
riddle,What is full of holes but still holds water?,A sponge.,,
riddle,"If a red house is made of red bricks, and a yellow house is made of yellow bricks, what is a greenhouse made of?",Glass. All greenhouses are made of glass.,,
riddle,What begins with an E but only has one letter?,An envelope.,,
riddle,"You draw a line. Without touching it, how do you make it a longer line?",Draw a short line next to it and now it’s the longer line.,,
riddle,How can a leopard change its spots?,By moving from one spot to another.,,
riddle,What is easy to get into but hard to get out of?,Trouble.,,
riddle,"I’m tall when I’m young, and I’m short when I’m old. What am I?",A candle.,,
riddle,What answer can you never answer yes to?,Are you asleep yet?,,
riddle,What is so fragile that saying its name breaks it?,Silence.,,
riddle,What is always in front of you but can’t be seen?,The future.,,
riddle,"What’s black, white, and blue?",A sad zebra.,,
riddle,What has a neck but no head?,A bottle.,,
riddle,What word is spelled wrong in the dictionary?,Wrong.,,
riddle,"What can you break, even if you never pick it up or touch it?",A promise.,,
riddle,I’m filled with keys but can’t open a lock. What am I?,A piano.,,
riddle,"What has eyes, a tongue, and a soul but can’t see, taste, or die?",A shoe.,,
riddle,How do you make the number one disappear?,Add a “G” for “gone.”,,
riddle,What has 13 hearts but can’t love?,A pack of cards.,,
riddle,What bank never has any money?,A river bank.,,
riddle,What goes in your pocket but keeps it empty?,A hole.,,
riddle,I sometimes run but cannot walk. You follow me around. What am I?,Your nose.,,
riddle,Why did the kid bury his walkie-talkie?,Because the batteries died.,,
riddle,What kind of ship has two mates but no captain?,A relationship.,,
riddle,A cowboy comes into town on Friday. He stays two nights at a local hotel. He leaves on Friday. How is this possible?,His horse’s name is Friday.,,
longform,"My friend once called a few house painters to his house for some work. He wanted them to paint his porch. After a few hours, the house painters came back for the payment as their work was complete. Before leaving they told my friend that they had enjoyed painting his car, but it is not really a Porsche.",,,
longform,"There is a skeleton in our neighborhood who always knows that something bad might happen way before it actually happens. He has actually become quite famous and when a TV crew interviewed about the reason behind this ability, the skeleton finally disclosed his secret: he could feel the bad vibes in his bones.",,,
longform,"I had visited a cafe one day with my friends. The waiter recommended that we try their special coffee. We agreed and soon the coffee arrived. As we drink the coffee, we realized that it tastes like dirt and mud. Disgusted by the fact, all of us complained immediately. The alarmed waiter rushes over and says, ""Well Sir, it was freshly ground coffee!""",,,
longform,"A family was having dinner once when the youngest boy asked his father whether worms tasted nice when we eat them. Both the parents reprimanded the little boy and told him that these things shouldn't be discussed over the dinner table. When the father asked the boy after dinner why he had asked such a question, he replied, ""Papa, I think worms taste okay because there was one in your noodles.""",,,
longform,"After Sunday church, the priest would hand us each an orange and a big cookie. A little girl once lied and took two oranges, but the priest told her she mustn't lie because God is watching. Then, the girl took two cookies and lied about it. When asked why she had done that, she said because she thought that God was only watching oranges.",,,
longform,"Once during an adventure, a farmer named Bryan Clay stumbled into a cave and found a magic lamp. Upon rubbing the lamp, a Genie appeared and asked him what his wish was. The farmer told him that he wished he were very rich. The Genie said okay and asked him, ""Alright Mr Very Rich Clay, what is your second wish?""",,,
longform,"I went to this haunted house for exploration. It was near the forest so the local guide warned me that I might find some animals there. Sure enough, there was a panda. When I offered it some food, I was taken aback because it suddenly started talking. Turned out that it was a ghost panda and it only ate bam-booooo!",,,
longform,"As a group of robbers entered the bank, their leader went to the manager and asked him to open the vault. He threatened the manager by saying, ""If you try to do anything smart, you're fiction."" The manager was confused and asked him, ""Don't you mean 'You are history'?"" The robber angrily replied back, ""Do not change the subject, okay?""",,,
longform,"I was in the library once when a man walked in asking for some ham and cheese. The librarian politely told him that he was in a library. The man first apologized and then whispered to the librarian, ""Can I please have some ham and cheese?""",,,
longform,"I was in my garden when I got the news that my father had fallen from a 20 feet ladder and was in the hospital. I rushed to the hospital expecting that my father had some major fractures, but he was alright except for some minor cuts. When I told him that it was a miracle, he disagreed and told me, ""Son, I had just fallen from the first step of the ladder.""",,,
longform,"After a prolonged drought when the rain came, all the animals in the forest were happy except the Kangaroo. When the others asked him what the reason was for such sadness, the Kangaroo revealed that the rain meant that all its kids would now be playing inside.",,,
longform,"I was visiting the house of a distant cousin when I saw that he was playing chess with his cat. I said that it had to be the most intelligent cat ever. My cousin replied, ""Absolutely not! She has lost all her matches!""",,,
longform,"My brother came back from school all motivated because he said he would be following a new diet from that day. We didn't really give it much thought until my brother really started eating his homework for dinner. When we stopped him and asked why he was doing that, he replied, ""I was just trying to see how it tasted because my teacher said that the homework would be a piece of cake for me.""",,,
longform,"In my neighborhood, there was a couple who had given their twin sons very weird names. One was named Trouble, while the other boy's name was Mind Your Own Business. So, one day they were playing hide and seek. Mind Your Business counted to a hundred and then started looking for his brother. But, somehow he couldn't find him anywhere. He saw a police car passing the neighborhood, so he stopped it to ask for help. When the police officer asked him for his name, he replied, ""Mind Your Own Business!"" Feeling insulted, the police officer still asked politely who he was looking for. Mind Your Own Business replied, ""I am looking for Trouble!""",,,
longform,"The historians had gathered for a party in Cairo after they had discovered a new mummy. The discovered mummy, on display at the party hall, suddenly woke up. Seeing the historians alarmed, the mummy said that he just wanted to listen to some music. The mummy said, ""Please don't play jazz because my trom-bones are in a very bad shape. Could someone please put on some wrap music?""",,,
longform,"A food critic visits a local restaurant to review its food for the town magazine. The owner welcomes him and shows him to the table. The food is presented to him and after a while, the critic calls the owner to say that there is something missing in his bowl of soup. The owner asks whether it is too spicy or sweet or salty. When the food critic says no, the owner decides to taste the soup himself but he can't find the spoon. ""Yeah,"" says the critic, ""that's what is missing.""",,,
longform,"I was once passing through a town in England when this lady stopped me because she needed help fixing her car that had broken down. As I was fixing the car, the lady would cross the road and shout ""Hello"" at me. This happened a few times as the lady found it really amusing. I would have thought that it was very weird had I not realized that it was the singer Adele.",,,
longform,"For a high school dance, the head boy asked out the girl he liked. To get flowers for her, he had to stand in a line outside the florist for an hour. To make things worse, he had to wait another hour in a line outside the tuxedo shop. Finally, he goes to the dance with the girl. The girl wanted to have some apple punch so the boy went to get it, but to his surprise, there was no punch line.",,,
longform,"I was in a barbershop when a man and his young son walked in to get a haircut. The man asked the barber to give his son a haircut while he shopped for groceries nearby. The barber finished giving the haircut but there was no sign of the father. An hour passed, two hours passed. We finally asked the son where his father was. The boy shocked us by saying, ""That man was not my father. He just told me that if I wanted to get a free haircut at the barbershop, I should come with him.""",,,
longform,"Once, a mosquito walked into a clinic. The doctor saw him and asked him what the matter was. The mosquito said that he had a lot of problems. He was not happy with his life, he was not happy with the job he was doing. He was sad and had no motivation. The doctor listened to his problems and told him that he should really visit a therapist instead of a doctor. The mosquito replied, ""Yeah, I know. I just came in because of the blood.""",,,
longform,"A waiter gives a gentleman a cup of coffee. The gentleman takes a sip and spits it out.He turns to the waiter and says, “Waiter! This coffee tastes like mud!” The waiter, looking surprised, turns to the gentleman and says, “But, sir, it’s fresh ground!”",,,
longform,"A kid finds a magical lamp. He rubs the lamp, and a genie appears and says, “What is your first wish?” The kid says, “I wish I were rich!” The genie replies, “It is done! What is your second wish, Rich?”",,,
longform,"A guy asks a girl to go to a dance. She agrees, and he decides to rent a suit. The rental has a long line, so he waits and waits, and finally he gets his suit.He decides to buy flowers, so he goes to the flower shop. The flower shop has a long line, so he waits and waits, until he finally buys flowers.He picks up the girl and they go to the dance. There is a long line into the dance, so they wait and wait.Finally, they get into the dance, and the guy offers to get the girl a drink. She asks for punch, so he goes to the drink table, and there is no punch line.",,,
longform,"Three friends stranded on a deserted island find a magic lamp. Inside it is a genie who agrees to grant each friend one wish.“I want to go home,” says the first friend. The genie grants her wish.“I want to go home, too,” says the second friend. And the genie sends her back home.“I’m lonely,” says the third friend. “I sure wish my friends were back here.""",,,
longform,"While leaving a grocery store, a customer dropped a bag of flour. A Scout ran to pick it up.“Don’t bother, young man,” said the customer. “It’s self-rising.”",,,
longform,"A photon walks into a hotel.The desk clerk says, “Can we help you with your luggage?”The photon says, “No, thanks. I’m traveling light.”",,,
longform,"A man walks into a library, approaches the librarian and says, “I’ll have a cheeseburger and fries, please.”The librarian says, “Sir, you know you’re in a library, right?”“Sorry,” he whispers. “I’ll have a cheeseburger and fries, please.”",,,
longform,"The teacher asked little Johnny if he knew his numbers.“Yes,” he said. “My father taught me.”“Good. What comes after three?”“Four,” answered the boy.“What comes after six?”“Seven.”“Very good,” said the teacher. “Your dad did a good job. And what comes after 10?”“Jack.”",,,
longform,"A man takes his sick Chihuahua to the veterinarian. They’re immediately taken back to a room.Soon, a Labrador walks in, sniffs the Chihuahua for 10 minutes and leaves. Then a cat comes in, stares at the Chihuahua for 10 minutes and leaves. Finally, the doctorcomes in, prescribes some medicine and hands the man a $250 bill.“This must be a mistake,” the man says. “I’ve been here only 20 minutes!”“No mistake,” the doctor says. “It’s $100 for the lab test, $100 for the cat scan and $50 for the medicine.”",,,
longform,"“Oh, no!” the kangaroo groaned to her friend, the rabbit. “The forecast calls for rain.”“What’s the problem with that?” asked the rabbit. “We could use some rain.”“Sure,” the kangaroo said. “But that means my kids will have to play inside all day!”",,,
longform,"A man was driving down the road when a policeman stopped him. The officer looked in the back of the man’s truck and said, “Why are these penguins in your truck?”The man replied, “These are my penguins. They belong to me.”“You need to take them to the zoo,” the policeman said.The next day, the officer saw the same guy driving down the road. He pulled him over again. He saw the penguins were still in the truck, but they were wearing sunglasses this time. “I thought I told you to take these penguins to the zoo!” the officer said.“I did,” the man replied. “And today I’m taking them to the beach.""",,,
longform,"A man went to visit a friend and was amazed to find him playing chess with his dog. The man watched the game in astonishment for a while.“I can hardly believe my eyes!” he said. “That’s the smartest dog I’ve ever seen.”“He’s not so smart,” the friend replied. “I’ve beaten him three games out of five.”",,,
longform,"A man comes home after a hard day’s work and opens the refrigeratorto get a soda. Inside, he sees a squirrel taking a nap.“What are you doing in my fridge?” the man asks.The squirrel opens one sleepy eye and says, “Isn’t this a Westinghouse?”“Um, yes,” the man replies. “It is.""“Well then,” the squirrel says, shutting his eyes again, “I am twying to west.”",,,
longform,"A businessman went into the office and found an inexperienced handyman painting the walls. The handyman was wearing two heavy parkas on a hot summer day.Thinking this was a little strange, the businessman asked the handyman why he was wearing the parkas on such a hot day.The handyman showed him the instructions on the can of paint. They read: “For best results, put on two coats.”",,,
longform,"A guy asks a lawyer about his fees.“I charge $50 for three questions,” the lawyer says.“That’s awfully steep, isn’t it?” the guy asks.“Yes, I suppose so,” the lawyer replies. “Now what’s your final question?”",,,
longform,"A guy is sitting at home when he hears a knock at the door. He opens the door and sees a snail on the porch. He picks up the snail and throws it as far as he can. A year later, there’s another knock at the door. He opens it and sees the same snail. The snail says, “What was that all about?”",,,
longform,"A cruise ship passes by a remote island, and all the passengers see a bearded man running around and waving his arms wildly.“Captain,” one passenger asks, “who is that man over there?” “I have no idea,” the captain says, “but he goes nuts every year when we pass him.”",,,
longform,"One day a man with an elephant walks into a movie theater.“I’m afraid I can’t let your elephant in here, sir,” the manager says.“Oh, I assure you, he’s very well behaved,” the man says.“All right then,” the manager says. “If you’re sure. …”After the movie, the manager says to the man, “I’m very surprised! Your elephant was well behaved, and he even seemed to enjoy the movie!”“Yes, I was surprised, too,” says the man. “He hated the book.”",,,
longform,"One day Max went to see Carl. Carl had a big swollen nose.“Whoa, what happened, Carl?” Max asked.“I sniffed a brose,” Carl replied.“What?” Max said. “There’s no ‘b’ in rose!”Carl replied, “There was in this one!”",,,
longform,"A prince was put under a spell so that he could speak only one word each year. If he didn’t speak for two years, the following year he could speak two words and so on.One day, he fell in love with a beautiful lady. He refrained from speaking for two whole years so he could call her “my darling.” But then he wanted to tell her he loved her, so he waited three more years.  At the end of these five years, he wanted to ask her to marry him, so he waited another four years. Finally, as the ninth year of silence ended, he led the lady to the most romantic place in the kingdom and said, “My darling, I love you! Will you marry me?” And the lady said, “Pardon?”",,,
longform,"A boy read a restaurant sign that advertised fat-free French fries. “Sounds great,” said the health-conscious boy. He ordered some. He watched as the cook pulled a basket of fries from the fryer. The potatoes were dripping with oil when the cook put them into the container. “Wait a minute,” the boy said. “Those don’t look fat-free.” “Sure they are,” the cook said. “We charge only for the potatoes. The fat is free!”",,,
longform,"Two friends are walking their dogs -- a Dalmatian and a Chihuahua -- when they smell something delicious coming from a nearby restaurant.The guy with the Dalmatian says, “Let’s get something to eat.”But the guy with the Chihuahua says, “We can’t go in there, we have dogs with us.” So the first guy says, “Just follow my lead.” He puts on a pair of sunglasses and walks into the restaurant. “Sorry,” says the owner, “no pets allowed.” “But this is my seeing-eye dog,” the guy with the Dalmatian says. “A Dalmatian?” “Yes, they’re using them now.” The owner says, “Very well, then, come on in.” The guy with the Chihuahua repeats the process and gets the same response from the owner: “Sorry, pal, no pets allowed.” “But this is my seeing-eye dog,” says the second guy. “A Chihuahua?” asks the incredulous owner. “A Chihuahua?!,” says the man in the dark glasses. “They gave me a Chihuahua?!”",,,
longform,"A snail goes to buy a car. The salesman is surprised when the snail picks out a fast, expensive sports car. He’s even more surprised when the snail requires that a big red “S” be painted on both sides.“Why would you want such a thing?” asked the salesman.The snail replied, “I want people to say, ‘Look at that S car go!’”",,,
longform,"Three men are in the middle of a desert when their car breaks down. For their hike to town, they each decide to take one thing with them.One man takes a jug of water. The second man takes a sandwich. The last man takes one of the car doors. The first man says to the last man: ""I'm bringing the water because if I get thirsty, I can take a drink. And it makes sense to bring a sandwich in case we get hungry, but why bring a car door?""The last man replies,  ""If I get hot, I can just roll down the window.""",,,
longform,"A guy goes door to door looking for work. One homeowner hands him a brush and a can of paint and offers him $150 to paint his porch.A few hours later, the guy comes back to the homeowner and says, ""I'm finished. But you should know that your car's a Ferrari, not a Porsche.""",,,